2017-08-04 12:21:31.809974,hoge,hoge
2017-08-04 12:21:34.358437,hoge,hogehoge
2017-08-04 12:21:38.278178,hoge,hogehogehoge
2017-08-04 12:21:48.613603,hege,hege
2017-08-04 12:21:52.269650,hege,hegehege
2017-08-04 12:34:42.935759,asdf,asdfas
2017-08-04 12:34:45.820519,asdf,asfas
2017-08-04 12:41:16.257471,asdf,asdfa
2017-08-04 12:42:56.091122,asdf,asfs
2017-08-04 12:43:47.336568,asdf,asdf
2017-08-04 12:43:52.778897,asdf,sfda
2017-08-04 12:44:00.566869,asdf,asf
2017-08-04 12:44:01.870475,asdf,
2017-08-04 12:45:07.623734,asdf,asfas
2017-08-04 12:45:18.673224,ccc,asdfa
2017-08-04 12:45:21.660182,ccc,zsddfsf
2017-08-04 12:46:18.050271,ccc,asdf
2017-08-04 12:46:21.301993,ccc,asdf
2017-08-04 12:47:09.286613,ccc,asfasf
2017-08-04 12:47:42.373684,eee,eee
2017-08-04 12:47:46.270140,eee,ccc
2017-08-04 12:57:51.027773,aa,asdf
2017-08-04 12:58:00.952562,aa,asdf
2017-08-04 12:58:02.940355,aa,asf
2017-08-04 12:58:18.818526,aa,asf
2017-08-04 13:01:31.416318,aa,asdfasf
2017-08-04 13:02:08.619292,aa,1111
2017-08-04 14:02:05.918327,ee,
2017-08-04 14:02:11.424831,aa,
2017-08-04 14:14:36.096762,aa,
2017-08-04 14:14:53.763793,aa,
2017-08-04 14:15:45.673054,aa,bb
2017-08-04 14:15:55.428672,aa,cc
2017-08-04 14:16:21.693700,aa,ee
2017-08-04 14:16:23.868928,aa,e
2017-08-04 14:16:26.356912,aa,f
2017-08-04 14:16:37.169465,ee,asdf
2017-08-04 14:16:40.632407,ee,asdf
2017-08-04 14:16:43.128044,aa,asf
2017-08-04 14:16:44.871324,aa,asf
2017-08-04 14:16:47.888884,ee,asf
2017-08-04 14:17:32.631053,ee,asf
2017-08-04 14:17:38.703340,aa,asfawe
2017-08-04 14:18:07.077745,www,asfasfa
2017-08-04 14:18:10.721111,www,11111
2017-08-04 14:18:14.522746,aa,2222
2017-08-04 14:18:17.901939,ee,33333
